"","module.id","module.size","module.parent","module.hub","module.scale","module.pvalue"
"c1_5","c1_5",804,"c1_2","LINC00927(56),AC097467.4(39),FAM90A28P(37),AC010970.1(34),RNY1P8(33),HSP90AA6P(32),AC093084.1(32),RNA5SP461(32),LINC00349(30),AL109807.1(30),ALG1L5P(27),MIR3663HG(27),RNU6-555P(26),RNA5SP380(24),PAEP(23),RNU4-15P(23),AC097486.1(23),AC021504.1(23),MIR5007(22),RNU6-523P(22),AC092754.2(20),MT-TL2(19),RPL23AP75(19),EEF1A1P1(19),LINC01230(18),OBP2A(17),RNU2-8P(17),FCAMR(17),MIR5692A2(17),ELF5(17),RNU6-154P(17),RNA5SP167(17),MT-TH(16),LINC01323(16),AL161637.1(16),ONECUT3(16),AL451054.2(16),RNA5-8SP7(16),MT-TI(15),AC068775.1(15),RNU5F-8P(15),FAM217A(15),RN7SL322P(15),MT-TL1(14),MT-TG(14),OBP2B(14),LINC01761(14),AC011095.1(14),AC114814.1(14),LINC00954(13),RNU6-699P(13),Z95114.4(13),RNU6-275P(13),CDK15(13),SPTLC1P3(13)","S4",0
"c1_6","c1_6",1385,"c1_2","AC092639.1(138),RPS29P9(75),RNU6-1097P(72),AC069152.1(59),AC099654.1(53),LINC00452(50),RN7SL266P(45),RPS17P5(40),RPPH1-2P(39),C6orf201(37),RNA5SP121(36),RNU6-996P(36),RNY4P28(32),RNU6ATAC41P(27),RNU5E-5P(27),AL139415.2(27),AC022145.1(27),RNA5SP24(26),AC022616.5(25),AL589794.1(24),MTCO3P4(24),LINC00454(24),RNU6-500P(23),AC021146.6(23),FOXP4-AS1(23),CDC5L(23),CUL9(23),RNA5SP486(22),RNA5SP192(21),AL357080.1(20),RNU7-92P(20),AL589823.1(20),MTCYBP8(20),ZNF479(18),AC134698.4(18),STK33P1(18),AC099654.6(18),CPA1(18),OR7E24(18),MTND3P19(17),AL353637.1(17),SEPT14P17(17),CMTR1(17),C6orf89(17),HMGB1P48(17),AC007923.1(17),AL590240.3(17),AC005090.1(16),AL591468.1(16),VKORC1L1(16),AL022313.1(15),AL591704.1(15),RN7SL60P(15),Z94722.1(15),RNU6-1007P(15),SAYSD1(15),MEA1(15),NELFE(15),RXRB(15),LINC01365(15),BX072579.2(14),RNA5SP279(14),AC006499.8(14),AF274855.1(14),RF00591(14),OR10AK1P(14),GTF2IP2(14),PRRC2A(14),PPIL1(14),NUP153(14),AL592464.2(13),AC118469.1(13),AC009902.1(13),AC091912.2(13),AL353132.1(13),RNA5SP275(13),AL589994.2(13),RN7SL785P(13),AC091903.1(13),RNU6-591P(13),AL358934.1(13),BRD2(13),ABCA4(13),AC087612.1(13),BAG6(13)","S4",0
"c1_8","c1_8",582,"c1_2","AC068722.1(113),LINC02408(87),BPIFC(61),TECRL(57),AL627422.2(47),MAT1A(42),LINC02133(25),AC074099.1(25),AC104041.1(25),BANK1(23),LINC02291(21),AC140118.1(21),PCID2(21),CUL4A(21),TUBGCP3(20),AL133166.1(19),ITK(18),CLPSL1(16),CNGB1(16),LINC01378(15),SLC10A6(15),P2RX3(14),AL353611.1(14),LINC01916(13),MBL2(13),SEC14L5(13),AC083795.2(13)","S4",0
"c1_9","c1_9",867,"c1_2","MARCOL(70),PAGE1(54),AC068305.2(46),MUC16(41),LINC02359(40),USP26(40),CXorf66(39),AC024909.1(39),ADGRG4(38),AC026785.3(35),SPTA1(34),ALPP(29),INSL4(28),MROH2B(28),AL121956.1(28),DCAF8L1(27),OR10K2(24),OR2J3(24),MUC22(24),RNA5SP326(23),LDHBP2(22),PSG4(20),SLC17A4(20),FGFBP1(19),OR8A1(19),RNA5SP182(18),AC016751.2(17),OR6Y1(17),KCNJ18(17),AP005135.1(17),AC003685.2(16),AC079598.1(15),OR9Q2(15),OR10Z1(15),PAGE3(15),RNU6-99P(15),UMOD(15),MARCH9(14),C8B(14),AC083805.3(14),BEND2(14),MIR7641-1(14),PADI3(14),FTLP2(14),RNA5SP214(14),AKAP4(14),AADACL3(14),AC018521.4(13),RNA5SP86(13),IGHVII-1-1(13),CLCA1(13),RNU6-477P(13)","S4",0
"c1_10","c1_10",1408,"c1_2","AC127526.2(96),LINC01738(82),LINCMD1(76),AL049836.2(75),AC073987.1(57),AL020994.2(49),LRRC77P(44),PIH1D3(43),ANO3(38),LINC02137(38),HTR2C(36),SLC35G3(35),ROPN1L(33),ANKRD66(32),DNAH12(32),RNU6-221P(29),RNA5SP482(26),AC006499.2(26),MYL1(25),AP000439.2(25),GTF3C2(25),IQANK1(23),LINC01513(23),CSRP3(23),CPSF3(23),RSPH10B(22),LINC01621(21),TRIM51(20),SLC5A7(20),DYDC2(20),AC096637.2(20),DNAI2(20),AC022916.3(20),SLC28A3(20),TNNT3(19),RNU6-113P(19),CDC20B(19),AC008782.1(19),TTC29(19),CCDC33(18),CFAP100(18),AL132801.1(18),LINC02304(17),SCGB2A1(17),C20orf85(17),HPVC1(17),MYLK3(17),AL353765.1(17),NOL10(17),AL645937.1(16),MYL10(16),AL390240.1(16),CFAP52(16),WDR38(16),AL049748.1(16),C4orf22(16),LINC02152(15),FGF19(15),CKM(15),CCDC39(15),KIAA2012(15),AL353747.3(15),AL353747.4(15),KCNJ1(15),TNNI1(14),A2MP1(14),POFUT1(14),OR1D5(14),UNC45B(14),TM9SF4(14),TSPAN18(14),TEKT1(14),DLX2(14),AC018563.1(14),FAM183A(14),SOS1(14),AC108488.2(14),DLX2-AS1(14),AL161618.1(13),SLC9A4(13),GCGR(13),AC087045.3(13),NKX2-3(13),EFCAB12(13),CFAP77(13),SVOPL(13),CFAP97D2(13),SPAST(13),EIPR1(13)","S4",0
"c1_11","c1_11",1070,"c1_2","LINC02248(63),AL445647.1(61),CAPN13(49),LINC01222(46),CDH12P3(45),RNU7-2P(43),AL022161.1(41),AC090502.1(39),LINC01221(35),AC115622.1(35),PALM2(34),IL1RAPL1(34),AC034195.1(34),AC093607.1(31),GAK(31),LINC01170(29),LINC02426(29),DHX15(25),CSNKA2IP(24),AC106894.1(24),RN7SL415P(21),BTBD16(21),LINC00397(20),UBE2K(20),AOX3P(18),SPOCK3(18),CLCA4(18),CASC6(17),STX18(17),AC073321.1(16),RNF4(16),TRIM59(16),AC103778.1(16),AL034405.1(16),LINC01608(16),LINC01280(16),AC024901.1(15),MRFAP1L1(15),AL034399.1(15),AC092440.1(15),AF165147.1(15),NDUFA12P1(15),AC098829.1(15),FHIT(15),MRFAP1(15),ZCCHC4(15),AC005785.1(15),LINC01709(15),AL596028.1(14),AC027801.4(14),AC012494.1(14),NELFA(14),AP002963.1(14),SH3TC2-DT(14),PDS5A(14),AC006390.1(13),AC108721.1(13),KRIT1(13),AL161751.1(13),AL138899.1(13),AC005225.2(13),RFC1(13),AP005328.1(13),LINC01804(13)","S4",0
"c1_12","c1_12",443,"c1_2","SLC38A5(30),ABCG2(29),ESAM(29),LINC02452(24),OR51E1(24),ITGA1(23),MYH11(23),CLDN5(22),ABCB1(19),SLC52A3(19),TIE1(18),AP000459.2(18),ST6GALNAC1(16),FHL5(16),FLT4(16),SPINK8(15),CNN1(15),COL4A1(14),TAGLN(14),MFSD2A(14),UACA(14),ARHGEF15(14),COL4A2(14),MUCL1(13),SLC35E3(13),CAVIN2(13),ARRDC2(13),MYCT1(13)","S4",0
"c1_13","c1_13",1483,"c1_2","AC019211.1(90),CNTN4(51),LINGO2(49),AC087280.2(42),LINC00970(36),NEGR1(35),AC144548.1(35),EIF2B1(33),AC067956.1(31),AL450423.1(29),AC073050.1(29),AL591501.1(27),CXXC4-AS1(26),MCHR2(26),KDM2B(26),GABRG3(24),AC092378.1(24),RXFP1(23),LINC02296(22),SPPL3(22),AC016598.1(21),LINC01680(21),CACNB4(21),RNF34(21),LINC01202(21),IGHVIII-47-1(20),CDH12(20),TMEM116(20),AL592043.1(20),CNTN5(19),GALNTL6(19),RPL32P35(19),JAZF1(19),CR589904.1(19),KCNB2(18),AC008696.2(18),OR5M6P(18),LYPD6B(18),EPHA6(18),AP003049.2(18),RORA(18),LINC01107(18),GRM7(17),OR2L1P(17),AC004817.1(17),PWP1(17),SSH2(17),IL1RAPL2(17),OR2L3(16),LINC01250(16),IQCJ-SCHIP1(16),PUS1(16),LINC00507(16),MPHOSPH9(16),AC021231.1(15),FGF14(15),AC093206.1(15),DLG2(15),LEMD3(15),URGCP(15),AL596218.1(15),CCDC59(15),AC007368.1(14),AL445433.2(14),AC073023.1(14),BX664727.3(14),AGBL4(14),NRXN3(14),RPS11P6(14),CAND1(14),BCAS3(14),FAM19A1(13),RNU6-1012P(13),KCNIP4(13),LINC00221(13),MYRIP(13),AL513164.1(13),AC091819.2(13),AL033504.1(13),AL117329.1(13),KLHL2P1(13),AC091905.1(13),DENR(13),CTXN3(13),UBE2N(13),GOLGA6L10(13),ACSM6(13)","S4",0
"c1_14","c1_14",447,"c1_2","AC092447.8(45),REN(40),LINC01687(38),LINC01518(38),LINC00624(28),AL356272.1(25),TGIF2LX(21),IL17REL(21),AC136616.1(20),LINC00308(19),ZNF492(19),LINC00303(19),ZNF675(19),TRMT112P7(17),ZNF723(17),ZNF91(16),VN1R54P(15),AC108019.1(15),AC073488.3(14),ZNF729(14),DUX4L46(14),ZNF724(14)","S4",0
"c1_15","c1_15",907,"c1_2","LRRC74A(116),TRMT2B-AS1(86),SERPINB10(74),RNU6ATAC21P(50),RNU6-276P(48),AC006487.1(46),AC091939.1(39),AL391095.2(38),TEX41(36),AC012081.1(33),AP001970.1(33),AL354702.2(29),OVOL2(29),CYP2A13(28),LINC01641(26),HCRTR2(26),AC025281.1(25),PLA2G4D(24),C4BPA(24),AC063980.1(23),CST13P(23),AC092573.2(22),AC243967.2(20),LHFPL5(19),RNU6-152P(18),LINC02201(17),AL117382.1(17),LINC01746(17),RNU6-929P(17),LINC01226(16),CNOT4P1(16),MIR4422HG(15),R3HDML(15),LINC01754(15),AC008687.1(15),RPL22P10(15),DNAJC5G(15),AC008892.1(15),DCAF12L1(15),LINC02520(15),AL713923.1(14),CFTRP2(13),AC093534.2(13),AC008739.1(13),AC009336.3(13),BPIFB4(13),CATSPERD(13),RPL31P59(13),FAM163A(13)","S4",0
"c1_16","c1_16",799,"c1_2","MRPS21P1(76),RNU6-1180P(63),UGT2B7(46),LYZL2(43),AL359815.1(41),AC107016.2(41),AC078776.2(39),RNA5SP367(37),SVILP1(37),AC091152.3(31),IGKV2D-19(30),AC026798.1(29),AC025822.1(26),AC021205.2(25),IGHVII-74-1(24),AC097504.1(24),RNU2-36P(23),AC010468.3(23),RNU6-961P(23),RNU6-648P(23),RNU6-222P(22),AL160413.1(22),AP006437.2(21),AC010460.2(21),AC012451.1(21),AP003171.3(21),DNAJB5P1(21),AC126177.3(19),AC117522.2(18),AL078581.2(18),VN1R74P(17),RNU6-1134P(17),LINC01716(17),CHCHD2P4(16),AC138915.1(16),MIR5708(16),AC087430.1(16),LINC02506(15),RNA5SP99(15),TOPAZ1(15),AC011233.1(14),AP003400.5(14),AC116353.3(14),AC016727.2(14),AC008694.2(14),MIR5011(13),RN7SL420P(13),MIR6085(13)","S4",0
"c1_17","c1_17",622,"c1_2","KCNJ15(58),ADGRE3(46),PCNX3(41),RNA5-8SN1(28),AC099489.1(28),CEACAM3(26),ADGRG3(25),AC239584.1(24),LINC00313(23),DDB1(23),SLC5A10(22),KLKP1(21),ADGRE1(21),APOBEC3A(20),DPF2(20),LINC02513(19),CXCR2(19),HAL(19),LIPN(18),CPSF7(18),MYO1F(18),TTLL8(17),IL36RN(17),SCYL1(17),RHOH(16),BANF1(16),KYNU(16),IL18RAP(15),NDUFV1(15),GANAB(15),SF3B2(15),CXCR1(14),HIST1H4L(14),ITGAX(14),TRPT1(13),TRMT112(13),VNN3(12),SPINK6(12),IL21R(12),HIST1H3F(12),NDUFS8(12),TLR8(12),B3GAT3(12),CSF3R(12),OTUB1(12),TBXAS1(12)","S4",0
"c1_18","c1_18",571,"c1_2","GABRR1(61),IYD(59),ZNF735(55),MAGEB1(51),AC002384.1(30),AC083967.1(30),AGTR2(30),AC087762.1(27),CST2(25),AP003555.3(22),PTGFR(22),LINC02184(21),TUBA3C(21),AC209154.2(21),MEOX1(20),LINC01423(20),LINC01667(19),SSX1(18),AC244452.3(17),TNMD(17),LINC01447(17),LINC00607(17),CPN2(16),CCL11(16),IL2RB(16),CPA6(15),NECTIN3-AS1(14),GPC3(14),CDX2(14),AC121154.1(14),SIRPG(13),AC073130.3(13),MIR4497(13)","S4",0
"c1_19","c1_19",517,"c1_2","GYG2P1(74),AL078624.2(66),RN7SL571P(55),CSHL1(40),SAMD3(38),LINC02112(38),AC114811.1(36),AL591424.1(34),AL591424.3(33),LINC02346(30),ARSEP1(27),CRYM-AS1(27),RNU1-131P(25),TTTY14(20),LINC00456(20),SMIM36(20),HSPA8P6(20),AC006924.1(20),AP000676.4(18),RNU7-182P(18),RNU6-1236P(17),USP17L14P(16),AC092546.1(16),AP000233.1(15),NUP210L(15),RN7SL97P(14),CCBE1(14),AL365222.1(13),ASB17(13),RPL23AP38(13)","S4",0
"c1_20","c1_20",719,"c1_2","AC084048.1(132),AC005772.1(78),HSPA8P13(44),FOXR1(39),AC092098.1(37),RPL5P35(36),FAM186A(30),LINC00459(29),KRT16P4(27),FGF23(27),ZSWIM2(26),PTCHD1-AS(26),AADACL2(26),HNRNPCL1(25),AL139390.1(23),ELOCP24(22),LINC02429(21),PRSS38(19),LINC01169(19),ATAD5(19),AC007000.3(18),AC006511.5(16),CLNK(16),MYO3B(16),MTND3P21(16),AC090095.1(16),AC009061.2(16),LINC01074(15),CNR2(14),MTND4P11(14),MUSK(14),AC079598.2(14),FAM71E2(13),RN7SKP82(13),ADGB(13)","S4",0
"c1_21","c1_21",875,"c1_2","WFDC5(71),MUC5AC(62),PGLYRP3(58),LCE3C(54),PGLYRP4(50),NEU2(49),LGALS13(48),RP1L1(43),BPIFA1(42),OR4P4(42),LGALS16(40),OR5AC2(39),S100A7A(37),C3orf30(35),OR6N2(33),MUC2(29),NKX2-6(27),BPIFB3(25),ALDH3B2(25),SLC6A19(24),EFCAB8(23),ZCCHC13(23),TGM6(22),POM121L12(20),SERPINA13P(20),GPR119(20),CDX4(19),REG3A(19),LACTBL1(19),ACTL9(18),KRT4(18),EI24P4(18),C20orf173(17),ZAN(17),OR10A7(16),BPIFA3(15),ALPPL2(15),WFDC6(15),DIS3L2P1(15),WIZP1(15),CRISP3(14),ZNF720P1(14),OR5J7P(14),CEACAM18(14),C3P1(14),AC110588.1(14),OR10H4(14),CYP1A2(13),KCNA10(13),NLRP7(13),OR2Z1(13),OR52L2P(13),OR51V1(13),XDH(13)","S4",0
"c1_22","c1_22",899,"c1_2","GH2(56),COIL(39),AC090079.1(37),APPBP2(35),SYNRG(33),GNPAT(28),GPS1(27),VPS25(27),AC121758.1(25),MED13(25),NPLOC4(24),PSMB3(24),TROVE2(24),MBTD1(23),ETV5(23),TOR1AIP2(22),ACBD3(22),PIP4K2B(21),SMARCD1(21),NUP133(21),PSMD3(20),SRP68(20),MRPS23(19),DCTN2(18),SDE2(18),SDF2(18),AC024884.2(17),SOCS7(17),FOXK2(17),FBXO28(17),MED1(16),MARS(16),ZNF740(16),CHMP6(16),SCML4(16),INTS2(15),SHMT2(15),DDX23(15),RSAD1(14),DDX5(14),AC125257.1(14),SUZ12(14),BPTF(14),UNK(14),IARS2(14),ANGEL2(14),C1orf35(14),TMUB2(14),AC137834.1(14),PSME3(14),INHBC(13),RFNG(13),PHF12(13),RETREG3(13),ASPSCR1(13),STXBP4(13),RPS6KB1(13),PSMD11(13),MCRS1(13),BROX(13),MIR646HG(13),NMT1(13),POLDIP2(13),USP32(13)","S4",0
"c1_23","c1_23",602,"c1_2","RNU6-1252P(44),RAF1(44),C12orf77(39),RNF167(31),AKR1C8P(31),NARS2(28),AL138889.1(27),OXSR1(25),TSR1(25),CNTROB(24),GLOD4(23),ST8SIA6(22),SEC13(21),SCFD2(19),LINC01665(18),EMC3(18),AC012414.2(18),FIP1L1(18),LILRP1(17),CLOCK(17),MLH1(17),SPAG7(17),LINC02103(15),BRK1(15),NEURL4(15),EXOG(15),DYNC1LI1(15),PRPF8(15),LINC01733(15),TRIM53CP(14),SEC22C(14),GYS2(13),LINC01618(13),NLGN2(13),AC090093.1(13),BCS1L(13)","S4",0
"c1_24","c1_24",709,"c1_2","GABRA6(173),LINC01179(86),AC005064.1(57),CCDC155(52),TMEM266(52),GRM4(38),CRTAM(36),AC025284.1(36),ZP2(35),AC011330.3(31),SNAP25-AS1(26),AC139491.7(26),AC007614.1(24),AL138733.1(24),AKAIN1(22),FAM153C(22),MTND4LP25(19),AL355512.1(19),STARD4-AS1(19),AL356218.1(16),LMAN1L(16),FAT2(16),AC138819.1(15),AC084759.2(15),RELN(14),LINC01798(14),ZNF702P(14),IFNLR1(14),AP002518.1(13),TRIM72(12),IL16(12),TERF1P1(12),GLS2(12),FADS6(12),AL031590.1(12),BMS1P1(12)","S4",0
"c1_25","c1_25",704,"c1_2","NOX3(65),LINC01413(58),AL133232.1(53),DGUOK-AS1(43),GFRA3(37),CCAR2(35),AL049870.3(31),RNU6-804P(29),AC013762.1(29),AC243972.2(26),RNU4-37P(24),AL035541.1(23),RNU6-303P(22),RNU6-474P(22),RNU6-1044P(22),RNU6-1037P(19),PCM1(18),AL358232.1(17),CHMP7(17),VPS37A(17),RNU2-48P(17),AC010649.1(16),CNOT7(16),YTHDF3(16),ASS1P5(16),RNU6-81P(15),RNA5SP266(15),LEPROTL1(15),PTP4A1P5(15),LSM1(15),IGLV3-9(15),RNU7-183P(14),KAT6A(14),AL138726.1(14),DPYS(14),CCDC129(13),INTS9(13)","S4",0
"c1_26","c1_26",1409,"c1_2","OR5AN1(165),TDRD15(91),OR6C6(70),CSN3(67),CRISP2(62),DPT(58),FAM187B(53),TMPRSS11B(50),PRODH2(49),OR6C1(47),LRRC34P2(44),OR8G5(42),OR10P1(37),AC020551.1(37),OR5T2(36),OR51L1(36),CLEC2A(35),NPHS1(35),CSN1S2AP(30),LRRC30(29),LELP1(29),DUSP21(29),OR4F13P(27),LCE3B(27),CABS1(26),IL2(26),OPRPN(26),NCOR1P1(24),LINC02272(24),AC145625.1(23),GKN2(23),OR8K3(22),AMTN(22),C2orf69P3(21),HTN1(21),CDK7P1(20),VRTN(20),SMR3B(20),CAPN6(19),PPP1R2C(19),TRIM60(19),ALDH1A2(18),OR8J3(18),AC099786.1(17),OR5H15(17),OR52A5(17),LHX8(16),ACTRT2(16),SIM1(16),AC087399.1(16),ADAD1(16),PSMD12P(16),PDCL2(16),TRIM42(16),DKK2(16),SMR3A(15),OR8K5(15),RAB9AP4(15),LARP1BP1(15),TAAR2(15),SP3P(14),AFG3L2P1(14),CLDN19(14),AL357139.1(14),AC118273.1(14),OR2B3(13),OR5K1(13),DNAJB8(13),CSN2(13),AC114741.1(13)","S4",0
"c1_27","c1_27",223,"c1_2","BSDC1(21),PPP1R8(20),SF3A3(18),EBNA1BP2(17),TMEM222(16),BRIX1(16),BTF3L4(16),MPHOSPH10(14),NOP58(13),WDR75(13),ATP5PB(13),EIF3I(13)","S4",0
"c1_28","c1_28",293,"c1_2","AC087379.2(83),AC013565.3(77),CABP5(59),AP000781.1(56),KRT18P66(39),AL451065.1(31),AL603756.1(23),AP000439.1(19),AP003550.1(19),AC010336.1(17),AC021151.1(16),AL162399.1(15),AC099342.1(14),MIR3681HG(13)","S4",0
"c1_29","c1_29",479,"c1_2","AP3M1(37),MCMBP(36),MMS19(36),PGK1(35),TIAL1(34),BNIP3(26),KIF1BP(24),MRPL51(22),CUEDC2(22),GBF1(22),MLF2(21),ACTR1A(21),COPS7A(20),PDK1(19),ZNF384(19),PPP2R2D(18),HIF1AN(18),ABRAXAS2(18),SUFU(17),SLF2(17),VEGFA(17),ING4(16),C12orf4(16),VPS26A(16),SAR1A(15),TNKS2(14),SMC3(14),ERLIN1(14),PDCD11(14)","S4",0
"c1_30","c1_30",663,"c1_2","ATG5(32),MICU2(30),VTA1(30),KPNA3(28),SEC63(28),MRPS31(27),ZRANB2(24),DIS3(23),MED4(23),UBE4B(22),FBXO5(21),ECHDC1(20),RARS2(20),MTOR(20),ATAD3A(19),PNISR(19),SRSF11(19),WBP4(18),ARGLU1(18),IPO5(18),UBE2J2(18),LATS1(18),DVL1(17),CEP104(17),UFL1(17),PARK7(17),UFM1(16),GTF3A(16),INTS11(16),LZIC(16),ORC3(15),LUC7L3(15),MED23(14),SFT2D1(14),PAN3(14),PEX14(14),UTP14C(13),N4BP2L2(13),MFN2(13),ALG5(13),UGGT2(13),RWDD1(13),ZBTB17(13),DNAJC11(13),XPO4(13)","S4",0
"c1_31","c1_31",259,"c1_2","SLC17A7(33),PACSIN1(32),PNOC(31),GABRA1(29),VSNL1(24),SLC6A17(23),TMPRSS2(22),SYN1(22),TAC1(17),OSTN(17),IL31RA(16),SV2B(16),GABRB2(15),ESR2(14),ACTL6B(13)","S4",0
"c1_32","c1_32",302,"c1_3","AC090592.1(70),AC021698.1(27),BET1L(27),NAT10(27),TSG101(26),AMBRA1(24),NUP98(22),SBF2-AS1(20),SIRT3(20),RIC8A(19),CAPRIN1(19),ARFIP2(19),COPB1(17),ARFGAP2(16),PSMD13(15),ARL14EP(15),PSMA1(14),RNH1(14)",NA,0
"c1_33","c1_33",345,"c1_3","MLXIPL(27),PLA2G7(25),GPNMB(25),MPEG1(25),LPAR5(22),LINC01736(21),LILRB5(20),DHRS9(19),SMIM25(19),APBB1IP(18),MS4A4A(17),MS4A6A(16),SUSD3(16),CD14(15),LAPTM5(15),RHBDF2(14),TYROBP(14),LGMN(14),STAB1(14),FUCA1(14),CD180(14),CTSS(14),MRC1(13),RASAL3(13),SLC7A7(13)",NA,0
"c1_34","c1_34",256,"c1_3","NR4A1(25),MCM3AP(25),ACAT2(22),GART(22),UBE2G2(21),RRP1(19),PIK3R5(18),EGR2(16),NR4A3(16),SLC37A2(16),MSMO1(15),INSIG1(15),KLHL6(15),HMGCS1(14),ABCA1(14),CCT8(14)",NA,0
"c1_35","c1_35",267,"c1_3","TMEM160(48),PTP4A2(26),FTH1(21),MAG(20),LINC01578(20),SENP5(17),TMEM144(16),UBXN7(15),TMEM125(15),CARNS1(13),GFER(13)",NA,0
"c1_36","c1_36",353,"c1_3","ATXN10(31),THAP7(29),TRMU(29),XRCC6(28),ZC3H7B(26),PPP6R2(26),MIEF1(25),DRG1(25),UBE2L3(23),PPIL2(21),HPS4(20),PITPNB(20),RANBP1(19),MCAT(19),GGA1(19),BRD1(17),L3MBTL2(15),SMARCB1(15),ESS2(14),RHBDD3(14),ZDHHC8(14),RNF185(13),TUBGCP6(13),HSCB(13)",NA,0
"c1_37","c1_37",421,"c1_3","GAPVD1(68),TOR1A(50),ZBTB43(33),ZNF510(32),TEX10(28),USP20(27),GPR107(26),PMPCA(25),PPP6C(22),HIST1H2AC(19),RAB14(19),MRPL50(18),PHF2(17),UBQLN1(17),RABL6(17),FBXW5(16),TSC1(16),NELFB(16),RAD23B(16),ERP44(16),SURF6(15),RABGAP1(15),AAED1(15),MFSD14B(14),HIST1H2BD(14),MRRF(14)",NA,0
"c1_38","c1_38",528,"c1_3","RPS8(41),RPL23(25),VIRMA(25),POLK(24),RPS14(20),RAD17(20),RPL7A(19),RPS18(19),MRPS27(17),PCBP2(17),RPL19(16),MTERF3(16),RPS24(15),RPL41(15),MT-ATP8(15),OTUD6B(15),RPS27A(15),HAUS6(14),NSA2(14),NDUFB3(14),RPS23(13),RPL7(13),RPL34(13),UBR5(13),PFDN5(13),TCF19(13),ATP6V1C1(13),EMD(13),GPLD1(13)",NA,0
"c1_39","c1_39",257,"c1_3","ETF1(33),SMAD5(29),CSNK1A1(27),CDC23(25),BRD8(23),SCAMP1(22),UBE2D2(20),C5orf24(19),AFF4(18),KDM3B(17),IK(15),TRIM23(14),LARP1(14),CSNK1G3(14)",NA,0
"c1_40","c1_40",127,"c1_3","SHARPIN(28),HSF1(19),VPS28(19),TAF2(18),ZC3H3(17),WASHC5(15),CYHR1(15)",NA,0
"c1_41","c1_41",175,"c1_3","RUVBL2(28),VRK3(26),PPP5C(22),PRMT1(20),STRN4(20),ZNF235(18),ERCC1(17),ZNF155(15),SNRNP70(15)",NA,0
"c1_42","c1_42",201,"c1_3","RNF216(30),USP42(27),NUDCD3(23),MALSU1(21),EIF3B(18),CDK13(18),DDX56(17),KLHL7(17),HERPUD2(14)",NA,0
"c1_43","c1_43",293,"c1_3","RALGAPB(35),CSNK2A1(34),PSMF1(31),TBC1D20(27),CSE1L(25),CTNNBL1(25),PIGU(22),XRN2(22),CDK5RAP1(18),IDH3B(17),STAU1(17),RAE1(16),NSFL1C(15),ADNP(15),DHX35(15),PTPRA(14),MANBAL(14),GID8(13),SNRPB2(13)",NA,0
"c1_44","c1_44",110,"c1_3","PUM3(23),NFX1(21),UBE2R2(20),SMU1(18),CREB3(17),STOML2(17),UBAP1(16),APTX(16)",NA,0
"c1_45","c1_45",260,"c1_3","MAP2K2(41),HDGFL2(36),RANBP3(26),AP1M1(24),GNA11(22),SMARCA4(22),GTF2F1(21),STK11(20),FARSA(17),MBD3(16),POLR2E(15)",NA,0
"c1_46","c1_46",152,"c1_3","ZNF583(20),ZNF134(19),HSPBP1(17),ZNF132(15),ZNF444(15),ZNF347(15),ZNF432(15),ZNF613(15),ZNF324(14),CNOT3(14)",NA,0
"c1_47","c1_47",150,"c1_3","NKAPD1(38),VPS26B(22),ARCN1(21),CUL5(20),RNF214(18)",NA,0
"c1_48","c1_48",241,"c1_3","ZNF570(27),ZFP30(23),ZNF461(20),HKR1(18),POP4(15),ZNF568(15),RBM42(15),TMEM147(15),ILF3-AS1(15),PSMD8(14),ZNF566(13),EIF3K(13),UBA2(13),TBCB(13),ECH1(13),ZNF569(13)",NA,0
"c1_49","c1_49",202,"c1_3","RLIM(34),DKC1(21),ZNF426(19),VMA21(18),FMR1(17),RBMX2(16),ZNF121(15),CUL4B(14)",NA,0
"c1_50","c1_50",194,"c1_3","AP1G1(33),IST1(32),SPG7(26),POLR2C(25),E2F4(21),VAC14(18),DHX38(17),CIAPIN1(14)",NA,0
"c1_51","c1_51",182,"c1_3","ZFP62(24),KIAA1191(21),ZNF346(19),ERGIC1(19),U2SURP(18),SLC25A36(17),CLINT1(17),FAF2(16),RMND5B(13),RUFY1(13)",NA,0
"c1_52","c1_52",106,"c1_3","GRIPAP1(20),ZFX(20),ARAF(20),SYAP1(19),TRAPPC2(17)",NA,0
"c1_53","c1_53",519,"c1_4","DHX30(52),USP19(48),QRICH1(31),CDC123(28),HSPA14(27),BUB1(25),DCAF1(23),KIFC1(21),DLGAP5(21),WDR82(21),SEPHS1(20),ATP5F1C(19),CENPE(16),NCAPH(16),UBE2C(15),BIRC5(15),GDI2(15),CDCA2(15),KIF15(14),TOP2A(13),SCAP(13),NUSAP1(13),TPX2(13),UQCRC1(13)",NA,0
"c1_54","c1_54",405,"c1_4","WDFY4(34),RSAD2(31),EPSTI1(31),STAT1(30),PARP14(28),SUPT16H(26),TOX4(25),CHD8(24),HECTD1(24),GBP1P1(23),NGDN(22),ISG15(20),PSMB9(20),HERC6(18),RALGAPA1(18),APOL1(17),DDX60(16),GBP1(15),RNF31(15),MX1(14),DOCK8(14)",NA,0
"c1_55","c1_55",215,"c1_4","GLYR1(30),ZNF598(28),SETD1A(26),TAOK2(21),DNAJA3(19),PRR14(18),FBRS(18),TBC1D10B(17),USP7(17),RNPS1(16),E4F1(16),RHOT2(15),GTF3C1(14),RAB40C(14)",NA,0
"c1_56","c1_56",164,"c1_4","MBD1(50),SMAD4(21),SMAD2(20),VAPA(17),ZADH2(15),ELP2(15),AFG3L2(15),CTDP1(15),CXXC1(14),NARS(14),RPRD1A(13)",NA,0
"c1_57","c1_57",524,"c1_4","CDC42BPB(40),SEC24B(40),BIRC6(34),EIF4E(29),CCDC88A(28),UBE2D3(26),TRAPPC11(26),COPS3(25),VPS13C(24),KMT2A(24),ATM(24),CEP44(21),CINP(19),SMG1(18),BRF1(18),ALMS1(17),CFAP97(16),METTL14(16),LAMTOR3(16),CLCN3(16),INO80D(15),ELF2(15),GRSF1(14),NCOR1(14),HNRNPD(13),LARP7(13),NDUFC1(13),DMXL2(13),USP34(13)",NA,0
"c1_58","c1_58",228,"c1_4","SETDB1(34),VPS72(29),SCAMP3(26),YY1AP1(22),PSMD4(20),RPRD2(20),ILF2(20),PI4KB(19),C1orf43(16),GON4L(16),SF3B4(15),HAX1(15),CRTC2(13)",NA,0
"c1_59","c1_59",224,"c1_4","PPP2R5E(38),DCAF5(36),DLST(32),EXOC5(30),PCNX4(26),SLC39A9(26),FCF1(24),AREL1(21),ZC3H14(18),PPM1A(17),AP5M1(17),PPP4R3A(17),UBR7(14)",NA,0
"c1_60","c1_60",340,"c1_4","ZNHIT1(40),SLC37A3(33),BUD31(31),CUL1(30),ZNF3(22),POM121C(21),BAZ1B(21),TNPO3(20),SSBP1(20),ALKBH4(19),ZKSCAN1(19),ZNF107(19),ARMC10(18),COPS6(16),UBE3C(15),LAMTOR4(14),COG5(14)",NA,0
"c1_61","c1_61",335,"c1_4","ARIH1(55),VPS39(41),INTS14(31),SPG11(26),CTDSPL2(25),EFL1(22),CLPX(22),TRPM7(19),UBR1(19),RPAP1(18),USP8(17),ZNF609(17),DENND4A(16),RNF111(16),IREB2(15),RTF1(14),EDC3(14)",NA,0
"c1_62","c1_62",156,"c1_4","RUVBL1(34),NAA50(19),FXR1(18),COPB2(17),ZNF639(17),MRPL3(16)",NA,0
"c1_63","c1_63",150,"c1_5","AC010970.1(34),HSP90AA6P(32),MT-TL2(19),EEF1A1P1(19),MT-TH(16),MT-TI(15)",NA,0
"c1_64","c1_64",654,"c1_5","LINC00927(56),AC097467.4(39),FAM90A28P(37),RNY1P8(33),AC093084.1(32),RNA5SP461(32),LINC00349(30),AL109807.1(30),ALG1L5P(27),MIR3663HG(27),RNU6-555P(26),RNA5SP380(24),PAEP(23),RNU4-15P(23),AC097486.1(23),AC021504.1(23),MIR5007(22),RNU6-523P(22),AC092754.2(20),RPL23AP75(19),LINC01230(18),OBP2A(17),RNU2-8P(17),FCAMR(17),MIR5692A2(17),ELF5(17),RNU6-154P(17),RNA5SP167(17),LINC01323(16),AL161637.1(16),ONECUT3(16),RNA5-8SP7(16),AC068775.1(15),RNU5F-8P(15),FAM217A(15),RN7SL322P(15),OBP2B(14),AL451054.2(14),AC011095.1(14),AC114814.1(14),LINC00954(13),RNU6-699P(13),RNU6-275P(13),CDK15(13),SPTLC1P3(13)",NA,0
"c1_65","c1_65",830,"c1_6","AC092639.1(138),RPS29P9(75),RNU6-1097P(72),RPPH1-2P(39),RPS17P5(38),C6orf201(37),RNU6-996P(36),RNY4P28(32),RNU5E-5P(27),AL139415.2(27),AC022145.1(27),RNA5SP24(26),RNU6ATAC41P(25),AC022616.5(25),RNU6-500P(23),AC021146.6(23),RNA5SP486(22),RNA5SP192(21),RNU7-92P(20),FOXP4-AS1(20),AL589823.1(20),MTCYBP8(20),AL357080.1(19),CPA1(18),OR7E24(18),MTND3P19(17),AL353637.1(17),SEPT14P17(17),AC005090.1(16),AL591468.1(16),AL590240.3(16),AL591704.1(15),RN7SL60P(15),Z94722.1(15),RNU6-1007P(15),LINC01365(15),RNA5SP279(14),AC006499.8(14),RF00591(14),GTF2IP2(14),AL592464.2(13),AC118469.1(13),AC009902.1(13),AC091912.2(13),AL353132.1(13),RNA5SP275(13),AL589994.2(13),RN7SL785P(13),AC091903.1(13),RNU6-591P(13),AL358934.1(13)",NA,0
"c1_66","c1_66",128,"c1_6","LINC00452(49),AL589794.1(24),LINC00454(24),AC134698.4(18),AC007923.1(17),AL022313.1(15),BX072579.2(14)","S4",0
"c1_67","c1_67",269,"c1_6","AC069152.1(59),AC099654.1(53),RN7SL266P(45),MTCO3P4(24),RNA5SP121(21),ZNF479(18),STK33P1(18),AC099654.6(18),HMGB1P48(17),VKORC1L1(16),AF274855.1(14),OR10AK1P(14),AC087612.1(13)","S4",0
"c1_68","c1_68",157,"c1_6","CDC5L(23),CUL9(23),CMTR1(17),C6orf89(15),MEA1(15),NELFE(15),RXRB(15),PRRC2A(14),PPIL1(14),NUP153(14)","S4",0
"c1_70","c1_70",170,"c1_7","AC025524.2(58),AC018616.1(54),AF130359.1(17),GAPDHP68(15),AC109466.1(15),AC010255.3(14),RNF17(14)","S4",0
"c1_71","c1_71",487,"c1_8","AC068722.1(113),LINC02408(86),BPIFC(61),TECRL(57),LINC02133(25),AC074099.1(25),AC104041.1(25),BANK1(23),LINC02291(21),AC140118.1(21),PCID2(21),CUL4A(21),TUBGCP3(20),AL133166.1(19),CLPSL1(16),CNGB1(16),LINC01378(15),P2RX3(14),AL353611.1(14),LINC01916(13),SEC14L5(13),AC083795.2(13)",NA,0
"c1_73","c1_73",298,"c1_9","AC068305.2(45),LINC02359(40),AC024909.1(39),RNA5SP326(23),RNA5SP182(18),AC016751.2(17),AC079598.1(15),RNU6-99P(15),MARCH9(14),AC083805.3(14),MIR7641-1(14),RNA5SP214(14),AC018521.4(13),RNA5SP86(13),IGHVII-1-1(13),RNU6-477P(13)","S4",0
"c1_74","c1_74",569,"c1_9","MARCOL(70),PAGE1(54),MUC16(41),USP26(40),CXorf66(39),ADGRG4(38),AC026785.3(35),SPTA1(34),ALPP(29),INSL4(28),MROH2B(28),AL121956.1(28),DCAF8L1(27),OR10K2(24),OR2J3(24),MUC22(24),LDHBP2(22),PSG4(20),SLC17A4(20),FGFBP1(19),OR8A1(19),OR6Y1(17),KCNJ18(17),AP005135.1(17),AC003685.2(16),OR9Q2(15),OR10Z1(15),PAGE3(15),UMOD(15),C8B(14),BEND2(14),PADI3(14),FTLP2(14),AKAP4(14),AADACL3(14),CLCA1(13)","S4",0
"c1_75","c1_75",176,"c1_10","LINCMD1(75),AL049836.2(73),MYL1(25),TRIM51(20),MYL10(16),LINC02152(15),TNNI1(14),CKM(14)","S4",0
"c1_76","c1_76",256,"c1_10","LINC01738(82),AC073987.1(57),RNA5SP482(26),AP000439.2(25),FGF19(15),POFUT1(14),TM9SF4(14),DLX2(14),DLX2-AS1(14),SLC9A4(13),GCGR(13)","S4",0
"c1_77","c1_77",259,"c1_10","PIH1D3(42),ANKRD66(32),ROPN1L(31),DNAH12(28),CSRP3(22),DYDC2(19),DNAI2(19),TTC29(19),AL132801.1(18),CCDC33(17),HPVC1(17),OR1D5(14),LINC01513(14),CCDC39(14),AL161618.1(13),AL353747.3(13),CFAP77(13),SVOPL(13),CFAP97D2(13)","S4",0
"c1_78","c1_78",144,"c1_10","RNU6-113P(19),CDC20B(19),SCGB2A1(17),C20orf85(17),C4orf22(16),AL645937.1(15),TSPAN18(14),AC018563.1(14),AC087045.3(13)","S4",0
"c1_79","c1_79",180,"c1_10","AL020994.2(49),LRRC77P(43),ANO3(38),LINC02137(38),HTR2C(36),LINC01621(21),SLC5A7(20),LINC02304(17),KCNJ1(15)","S4",0
"c1_80","c1_80",223,"c1_10","AC127526.2(95),SLC35G3(35),RNU6-221P(29),AC006499.2(26),IQANK1(22),SLC28A3(20),AC008782.1(19),AL353765.1(17),AL390240.1(16),AL049748.1(16),AC022916.3(15)","S4",0
"c1_82","c1_82",101,"c1_10","GTF3C2(25),CPSF3(23),SOS1(14),AC108488.2(14)","S4",0
"c1_83","c1_83",930,"c1_11","LINC02248(63),AL445647.1(61),CAPN13(49),LINC01222(46),CDH12P3(45),RNU7-2P(43),AL022161.1(41),AC090502.1(39),LINC01221(35),AC115622.1(35),PALM2(34),AC034195.1(34),IL1RAPL1(33),AC093607.1(31),LINC01170(29),LINC02426(29),CSNKA2IP(24),AC106894.1(24),RN7SL415P(21),BTBD16(21),LINC00397(20),AOX3P(18),SPOCK3(18),CLCA4(18),CASC6(17),AC073321.1(16),TRIM59(16),AC103778.1(16),AL034405.1(16),LINC01608(16),LINC01280(16),AC024901.1(15),AL034399.1(15),AC092440.1(15),AF165147.1(15),NDUFA12P1(15),AC098829.1(15),FHIT(15),AC005785.1(15),LINC01709(15),AL596028.1(14),AC027801.4(14),AC012494.1(14),AP002963.1(14),SH3TC2-DT(14),AC006390.1(13),AC108721.1(13),KRIT1(13),AL161751.1(13),AL138899.1(13),AC005225.2(13),AP005328.1(13),LINC01804(13)",NA,0
"c1_84","c1_84",140,"c1_11","GAK(31),DHX15(25),UBE2K(20),RNF4(16),MRFAP1L1(15),STX18(15),MRFAP1(15),ZCCHC4(15)","S4",0
"c1_85","c1_85",334,"c1_12","SLC38A5(30),ABCG2(29),ESAM(29),LINC02452(24),CLDN5(22),ABCB1(19),SLC52A3(19),TIE1(18),AP000459.2(18),ST6GALNAC1(16),FLT4(16),COL4A1(14),SPINK8(14),MFSD2A(14),ARHGEF15(14),COL4A2(14)",NA,0
"c1_86","c1_86",109,"c1_12","OR51E1(24),ITGA1(23),MYH11(23),FHL5(16),CNN1(15),TAGLN(14),UACA(14)",NA,0
"c1_87","c1_87",1144,"c1_13","AC019211.1(90),CNTN4(51),LINGO2(49),AC087280.2(42),LINC00970(36),NEGR1(35),AC067956.1(31),AL450423.1(29),AC073050.1(29),AL591501.1(27),CXXC4-AS1(26),MCHR2(26),GABRG3(24),AC092378.1(24),RXFP1(23),LINC02296(22),AC016598.1(21),LINC01680(21),CACNB4(21),LINC01202(21),CDH12(20),AL592043.1(20),CNTN5(19),GALNTL6(19),RPL32P35(19),JAZF1(19),CR589904.1(19),KCNB2(18),AC008696.2(18),LYPD6B(18),EPHA6(18),AP003049.2(18),RORA(18),LINC01107(18),GRM7(17),OR2L1P(17),AC004817.1(17),SSH2(17),IL1RAPL2(17),OR2L3(16),LINC01250(16),IQCJ-SCHIP1(16),LINC00507(16),AC021231.1(15),FGF14(15),AC093206.1(15),DLG2(15),URGCP(15),AL596218.1(15),AC007368.1(14),AL445433.2(14),AC073023.1(14),BX664727.3(14),AGBL4(14),NRXN3(14),BCAS3(14),FAM19A1(13),RNU6-1012P(13),KCNIP4(13),MYRIP(13),AL513164.1(13),AC091819.2(13),AL033504.1(13),AL117329.1(13),KLHL2P1(13),AC091905.1(13),CTXN3(13),GOLGA6L10(13),ACSM6(13),KHDRBS2(12),LINC02250(12),AP001972.3(12),LINC01122(12),CDH9(12),OLFM3(12),NYAP2(12),DLGAP2(12),LINC02218(12),PART1(12),DANT2(12)",NA,0
"c1_89","c1_89",273,"c1_13","AC144548.1(34),EIF2B1(33),KDM2B(26),SPPL3(22),RNF34(21),TMEM116(17),PWP1(17),PUS1(16),MPHOSPH9(16),OR5M6P(15),LEMD3(15),CCDC59(15),RPS11P6(14),CAND1(14),DENR(13),UBE2N(13)","S4",0
"c1_90","c1_90",242,"c1_14","AC092447.8(45),LINC01687(38),LINC01518(38),LINC00624(28),AL356272.1(25),TGIF2LX(21),AC136616.1(20),LINC00308(19),TRMT112P7(17),VN1R54P(15),AC073488.3(14)",NA,0
"c1_93","c1_93",101,"c1_14","REN(38),IL17REL(20),LINC00303(19),AC108019.1(15)","S4",0
"c1_94","c1_94",423,"c1_15","TRMT2B-AS1(85),RNU6ATAC21P(50),AC091939.1(39),AP001970.1(33),AL354702.2(29),LINC01641(26),HCRTR2(26),C4BPA(24),AC063980.1(23),CST13P(23),AC025281.1(21),AC243967.2(19),RNU6-152P(18),LINC02201(17),RNU6-929P(17),LINC01226(16),MIR4422HG(15),AC008687.1(15),RPL22P10(15),AL713923.1(14)","S4",0
"c1_95","c1_95",321,"c1_15","LRRC74A(116),AL391095.2(38),TEX41(36),AC012081.1(31),OVOL2(29),CYP2A13(28),PLA2G4D(24),AC092573.2(22),LHFPL5(19),R3HDML(15),DNAJC5G(15),DCAF12L1(15),LINC02520(15),CATSPERD(13),FAM163A(13)","S4",0
"c1_96","c1_96",163,"c1_15","SERPINB10(73),RNU6-276P(48),AC006487.1(46),CNOT4P1(16)","S4",0
"c1_97","c1_97",114,"c1_16","LYZL2(43),SVILP1(37),AC025822.1(26),AC138915.1(16),RNA5SP99(15)","S4",0
"c1_98","c1_98",535,"c1_16","MRPS21P1(76),RNU6-1180P(63),AC107016.2(40),AC078776.2(39),RNA5SP367(37),AC091152.3(31),AC026798.1(29),AC021205.2(25),IGHVII-74-1(24),AC097504.1(24),RNU2-36P(23),AC010468.3(23),RNU6-961P(23),RNU6-222P(22),AP006437.2(21),AC010460.2(21),AC012451.1(21),AP003171.3(21),AC126177.3(19),AC117522.2(18),LINC01716(17),VN1R74P(16),CHCHD2P4(16),AC087430.1(16),AC011233.1(14),AP003400.5(14),AC016727.2(14),AC008694.2(14),MIR6085(13)","S4",0
"c1_99","c1_99",150,"c1_16","UGT2B7(46),AL359815.1(41),IGKV2D-19(30),RNU6-648P(23),AL160413.1(22),MIR5708(16),LINC02506(15),TOPAZ1(15)","S4",0
"c1_100","c1_100",455,"c1_17","KCNJ15(58),ADGRE3(45),RNA5-8SN1(28),AC099489.1(28),CEACAM3(26),ADGRG3(25),AC239584.1(24),LINC00313(23),SLC5A10(22),KLKP1(21),ADGRE1(21),APOBEC3A(20),LINC02513(19),CXCR2(19),HAL(18),LIPN(18),MYO1F(18),TTLL8(17),IL36RN(17),RHOH(16),KYNU(16),IL18RAP(15),CXCR1(14),HIST1H4L(14),ITGAX(14)",NA,0
"c1_101","c1_101",167,"c1_17","PCNX3(41),DDB1(23),DPF2(20),CPSF7(18),SCYL1(17),BANF1(16),NDUFV1(15),GANAB(15),SF3B2(15),TRPT1(13),TRMT112(13)","S4",0
"c1_103","c1_103",125,"c1_18","ZNF735(55),MAGEB1(49),LINC02184(21),LINC01667(19),AC244452.3(17)",NA,0
"c1_105","c1_105",160,"c1_18","IYD(58),AC002384.1(28),AC087762.1(26),CST2(25),AP003555.3(22),LINC00607(17),CPN2(16),CCL11(16),IL2RB(16)","S4",0
"c1_106","c1_106",183,"c1_18","GABRR1(60),AC083967.1(30),AGTR2(30),PTGFR(22),LINC01423(20),MEOX1(18),CPA6(15),AC121154.1(14),CDX2(13),MIR4497(13)","S4",0
"c1_107","c1_107",119,"c1_19","GYG2P1(68),ARSEP1(23),TTTY14(20),AP000676.4(14),CCBE1(14)","S3",0
"c1_124","c1_124",612,"c1_20","AC084048.1(132),AC005772.1(78),HSPA8P13(44),AC092098.1(37),FAM186A(30),LINC00459(28),KRT16P4(27),FGF23(27),ZSWIM2(26),PTCHD1-AS(26),AADACL2(26),HNRNPCL1(25),AL139390.1(23),ELOCP24(21),LINC02429(21),PRSS38(19),LINC01169(19),ATAD5(19),AC007000.3(18),AC006511.5(16),CLNK(16),MYO3B(16),MTND3P21(16),AC009061.2(16),LINC01074(15),CNR2(14),MTND4P11(14),MUSK(14),AC079598.2(14),FAM71E2(13),ADGB(13),AL117351.2(12),GGT2(12),RNU7-88P(12),RN7SKP82(12),AC135731.2(12),AC097382.2(12)",NA,0
"c1_125","c1_125",105,"c1_20","FOXR1(39),RPL5P35(36),AC090095.1(16)","S4",0
"c1_128","c1_128",101,"c1_21","WFDC5(59),LGALS16(28),REG3A(14)",NA,0
"c1_130","c1_130",108,"c1_21","MUC5AC(62),RP1L1(31),LACTBL1(19),NKX2-6(16)","S3",0
"c1_151","c1_151",155,"c1_22","AC121758.1(25),SMARCD1(21),DCTN2(18),AC024884.2(17),MARS(16),ZNF740(16),SHMT2(15),DDX23(15),AC137834.1(14)",NA,0
"c1_153","c1_153",110,"c1_22","GH2(55),AC090079.1(31),MBTD1(17),SCML4(16)",NA,0
"c1_155","c1_155",126,"c1_22","COIL(37),APPBP2(35),MED13(25),MRPS23(19),INTS2(15)","S3",0
"c1_156","c1_156",196,"c1_22","GNPAT(28),TROVE2(24),ACBD3(22),TOR1AIP2(21),NUP133(21),SDE2(18),FBXO28(17),IARS2(14),ANGEL2(14),C1orf35(14),BROX(13)",NA,0
"c1_158","c1_158",147,"c1_22","VPS25(27),SYNRG(27),PSMB3(24),PSMD3(20),SDF2(18),SOCS7(17)",NA,0
"c1_159","c1_159",125,"c1_23","C12orf77(38),NARS2(28),AL138889.1(27),LINC01665(18),LINC02103(15),LINC01733(15)",NA,0
"c1_160","c1_160",180,"c1_23","RNU6-1252P(42),AKR1C8P(31),ST8SIA6(18),AC012414.2(18),SCFD2(17),LILRP1(17),CLOCK(17),FIP1L1(15),LINC01618(13),AC090093.1(13)","S3",0
"c1_161","c1_161",137,"c1_23","RAF1(44),OXSR1(25),SEC13(20),EMC3(18),MLH1(17),EXOG(15),DYNC1LI1(15)",NA,0
"c1_162","c1_162",160,"c1_23","RNF167(31),TSR1(25),CNTROB(23),GLOD4(21),SPAG7(17),NEURL4(15),PRPF8(15)","S3",0
"c1_163","c1_163",412,"c1_24","GABRA6(170),AC005064.1(57),CCDC155(51),CRTAM(36),AC025284.1(33),GRM4(30),TMEM266(30),AC007614.1(24),ZP2(24),SNAP25-AS1(24),STARD4-AS1(19),LMAN1L(16),FAT2(15),RELN(14)",NA,0
"c1_164","c1_164",119,"c1_24","LINC01179(62),MTND4LP25(19),AL138733.1(19),AC084759.2(15),LINC01798(13),ZNF702P(12)","S4",0
"c1_174","c1_174",268,"c1_25","NOX3(61),LINC01413(57),AC013762.1(29),RNU4-37P(24),RNU6-303P(22),RNU6-1037P(17),RNU2-48P(17),RNU6-81P(15),RNA5SP266(15),IGLV3-9(15),RNU7-183P(14),AL138726.1(14),CCDC129(13)",NA,0
"c1_175","c1_175",217,"c1_25","AL133232.1(51),DGUOK-AS1(43),GFRA3(37),AL049870.3(31),AC243972.2(26),RNU6-804P(24),AL035541.1(23),AL358232.1(17),AC010649.1(16),ASS1P5(16),PTP4A1P5(15),DPYS(13)","S4",0
"c1_178","c1_178",117,"c1_25","CCAR2(32),PCM1(18),CHMP7(17),VPS37A(17),CNOT7(16),KAT6A(14)","S4",0
"c1_179","c1_179",227,"c1_26","DPT(58),AC020551.1(37),CLEC2A(32),AC145625.1(23),NCOR1P1(23),CAPN6(19),ALDH1A2(18),AC099786.1(17),LHX8(16),SIM1(16),AC087399.1(16),DKK2(16),CLDN19(14)","S4",0
"c1_180","c1_180",1182,"c1_26","OR5AN1(165),TDRD15(91),OR6C6(70),CSN3(67),CRISP2(62),FAM187B(53),TMPRSS11B(50),PRODH2(49),OR6C1(47),LRRC34P2(44),OR8G5(42),OR10P1(37),OR5T2(36),OR51L1(36),NPHS1(35),CSN1S2AP(30),LRRC30(29),LELP1(29),DUSP21(29),OR4F13P(27),LCE3B(27),IL2(26),OPRPN(26),CABS1(24),LINC02272(24),GKN2(23),OR8K3(22),AMTN(22),C2orf69P3(21),HTN1(21),CDK7P1(20),VRTN(20),SMR3B(20),PPP1R2C(19),TRIM60(19),OR8J3(18),OR5H15(17),OR52A5(17),ACTRT2(16),ADAD1(16),PSMD12P(16),PDCL2(16),TRIM42(16),SMR3A(15),OR8K5(15),RAB9AP4(15),LARP1BP1(15),TAAR2(15),SP3P(14),AFG3L2P1(14),AL357139.1(14),AC118273.1(14),OR2B3(13),OR5K1(13),DNAJB8(13),CSN2(13),AC114741.1(13)","S4",0
"c1_181","c1_181",100,"c1_27","BSDC1(21),PPP1R8(20),EBNA1BP2(17),TMEM222(16),SF3A3(16)",NA,0
"c1_185","c1_185",208,"c1_28","AC087379.2(83),AC013565.3(74),AP000781.1(52),AL451065.1(27),AL603756.1(23),AC021151.1(16),AL162399.1(15),AC010336.1(14),AC099342.1(14)",NA,0
"c1_186","c1_186",383,"c1_29","AP3M1(37),MMS19(36),PGK1(35),BNIP3(26),KIF1BP(24),MRPL51(22),CUEDC2(22),GBF1(22),MLF2(21),ACTR1A(21),COPS7A(20),PDK1(19),ZNF384(19),HIF1AN(18),SUFU(17),SLF2(17),VEGFA(17),ING4(16),C12orf4(16),VPS26A(16),SAR1A(15),TNKS2(14),ERLIN1(14)",NA,0
"c1_188","c1_188",500,"c1_30","ATG5(32),VTA1(30),SEC63(28),ZRANB2(24),UBE4B(22),FBXO5(21),ECHDC1(20),RARS2(20),MTOR(20),DIS3(19),ATAD3A(19),PNISR(19),SRSF11(19),ARGLU1(18),IPO5(18),UBE2J2(18),LATS1(18),DVL1(17),CEP104(17),UFL1(17),PARK7(17),INTS11(16),LZIC(16),ORC3(15),LUC7L3(15),MED23(14),SFT2D1(14),PEX14(14),MFN2(13),UGGT2(13),RWDD1(13),ZBTB17(13),DNAJC11(13)",NA,0
"c1_189","c1_189",162,"c1_30","MICU2(30),KPNA3(28),MRPS31(27),MED4(23),WBP4(18),UFM1(16),GTF3A(16),PAN3(14)",NA,0
"c1_191","c1_191",223,"c1_31","SLC17A7(33),PACSIN1(32),PNOC(31),GABRA1(29),SLC6A17(23),VSNL1(23),SYN1(22),TAC1(17),OSTN(17),GABRB2(15),SV2B(13),ACTL6B(13)","S3",0
"c1_192","c1_192",166,"c1_32","AC090592.1(70),AC021698.1(27),BET1L(27),SBF2-AS1(20),RIC8A(19),COPB1(17),PSMA1(14),RNH1(14)",NA,0
"c1_193","c1_193",133,"c1_32","NAT10(27),TSG101(26),AMBRA1(24),NUP98(20),CAPRIN1(19),ARFIP2(18),ARFGAP2(16),ARL14EP(15)","S3",0
"c1_212","c1_212",140,"c1_35","TMEM160(48),PTP4A2(26),FTH1(21),LINC01578(20),GFER(13)",NA,0
"c1_214","c1_214",162,"c1_36","THAP7(29),UBE2L3(23),DRG1(23),PPIL2(21),PITPNB(20),HPS4(19),RANBP1(19),SMARCB1(15),ESS2(14),RHBDD3(14),ZDHHC8(14)","S3",0
"c1_215","c1_215",190,"c1_36","ATXN10(31),TRMU(29),XRCC6(26),ZC3H7B(26),PPP6R2(26),MIEF1(25),MCAT(19),GGA1(19),BRD1(17),L3MBTL2(15)",NA,0
"c1_217","c1_217",159,"c1_37","GAPVD1(65),ZBTB43(31),GPR107(26),USP20(21),MRRF(14)",NA,0
"c1_223","c1_223",323,"c1_38","RPS8(41),RPL23(25),POLK(24),RPS14(20),RAD17(20),RPL7A(19),RPS18(19),MRPS27(17),RPL19(16),RPS24(15),HAUS6(14),NSA2(14),RPS27A(14),RPL7(13),RPL34(13),GPLD1(13)",NA,0
"c1_228","c1_228",105,"c1_39","SMAD5(25),CDC23(23),BRD8(17),AFF4(16),KDM3B(14),PRRC1(12)","S3",0
"c1_253","c1_253",143,"c1_43","RALGAPB(35),CSE1L(25),CTNNBL1(25),STAU1(17),PIGU(17),RAE1(16),ADNP(15),DHX35(15)",NA,0
"c1_254","c1_254",148,"c1_43","CSNK2A1(34),PSMF1(31),TBC1D20(27),XRN2(22),IDH3B(17),CDK5RAP1(16),NSFL1C(15),PTPRA(14)",NA,0
"c1_277","c1_277",147,"c1_49","RLIM(34),DKC1(21),VMA21(18),FMR1(17),RBMX2(16),CUL4B(14)",NA,0
"c1_287","c1_287",134,"c1_51","ZFP62(24),KIAA1191(21),ZNF346(19),ERGIC1(19),CLINT1(17),FAF2(16),RMND5B(13),RUFY1(13)","S3",0
"c1_291","c1_291",177,"c1_53","BUB1(25),KIFC1(21),DLGAP5(21),CENPE(16),UBE2C(15),BIRC5(15),CDCA2(15),NCAPH(14)",NA,0
"c1_292","c1_292",201,"c1_53","DHX30(52),USP19(48),QRICH1(31),DCAF1(23),WDR82(21)",NA,0
"c1_293","c1_293",141,"c1_53","CDC123(28),HSPA14(27),SEPHS1(20),ATP5F1C(19),GDI2(15)",NA,0
"c1_294","c1_294",228,"c1_54","RSAD2(31),EPSTI1(31),STAT1(29),PARP14(28),GBP1P1(23),ISG15(20),PSMB9(20),HERC6(18),APOL1(17),DDX60(16),GBP1(15),MX1(14)",NA,0
"c1_295","c1_295",111,"c1_54","SUPT16H(26),TOX4(25),CHD8(24),HECTD1(24),NGDN(21),RALGAPA1(18)",NA,0
"c1_303","c1_303",127,"c1_56","MBD1(50),SMAD4(21),SMAD2(20),ZADH2(15),CTDP1(15),CXXC1(14)",NA,0
"c1_305","c1_305",221,"c1_57","SEC24B(39),EIF4E(29),UBE2D3(26),TRAPPC11(26),CEP44(21),CFAP97(16),METTL14(16),LAMTOR3(16),CLCN3(16),ELF2(15),GRSF1(14)",NA,0
"c1_306","c1_306",221,"c1_57","BIRC6(33),CCDC88A(28),COPS3(25),VPS13C(24),KMT2A(24),ATM(24),SMG1(18),ALMS1(17),INO80D(15),NCOR1(14),DMXL2(13),USP34(13)",NA,0
"c1_329","c1_329",218,"c1_60","ZNHIT1(40),SLC37A3(33),BUD31(31),CUL1(30),SSBP1(20),ARMC10(18),COPS6(16),ZNF3(16),UBE3C(15),LAMTOR4(14)",NA,0
"c1_331","c1_331",143,"c1_61","VPS39(41),SPG11(25),CTDSPL2(25),UBR1(19),RPAP1(18),USP8(17),TRPM7(17)",NA,0
"c1_332","c1_332",192,"c1_61","ARIH1(55),INTS14(31),EFL1(22),CLPX(22),ZNF609(17),RNF111(16),IREB2(15),EDC3(14),DENND4A(14),ZNF592(13)",NA,0
"c1_338","c1_338",207,"c1_64","LINC00927(55),AC097467.4(39),ALG1L5P(27),LINC00349(26),PAEP(23),OBP2A(17),ELF5(17),AL161637.1(16),RNA5-8SP7(16),OBP2B(14),LINC00954(13),RNU6-699P(13),CDK15(13)",NA,0
"c1_339","c1_339",167,"c1_64","AL109807.1(30),MIR3663HG(27),RNU6-555P(19),RNU6-523P(18),LINC01230(18),MIR5007(16),ONECUT3(16),AC068775.1(15),FAM217A(15),AC011095.1(14),AL451054.2(13)","S4",0
"c1_341","c1_341",126,"c1_64","RNA5SP461(27),RNA5SP380(23),RNU4-15P(22),FCAMR(17),AC092754.2(17),RNA5SP167(16),MIR5692A2(15),AC114814.1(14)","S4",0
"c1_342","c1_342",106,"c1_64","RNY1P8(32),AC093084.1(32),AC097486.1(23),AC021504.1(23),LINC01323(16),RNU6-154P(15),RNU5F-8P(15)","S4",0
"c1_343","c1_343",567,"c1_65","AC092639.1(138),RPS29P9(74),RNU6-1097P(72),RPPH1-2P(39),RNU6-996P(35),RNY4P28(32),AL139415.2(27),RNU6ATAC41P(25),RNU6-500P(23),AC021146.6(23),RNA5SP486(22),RNU7-92P(20),AL589823.1(20),MTCYBP8(20),AL357080.1(19),OR7E24(18),MTND3P19(17),AL353637.1(17),SEPT14P17(17),AL590240.3(16),AL591704.1(15),RN7SL60P(15),RNU6-1007P(15),LINC01365(15),RNA5SP279(14),AC006499.8(14),RF00591(14),AL592464.2(13),AC009902.1(13),AC091912.2(13),AL589994.2(13),Z94722.1(13),AC091903.1(13),RNU6-591P(13)","S4",0
"c1_349","c1_349",110,"c1_66","LINC00452(49),AL589794.1(24),LINC00454(24),AC134698.4(18),AC007923.1(17),AL022313.1(15),BX072579.2(14),ABCA4(13)",NA,0
"c1_352","c1_352",198,"c1_67","AC069152.1(59),AC099654.1(53),RN7SL266P(45),MTCO3P4(24),RNA5SP121(21),ZNF479(18),STK33P1(18),AC099654.6(17),HMGB1P48(17)",NA,0
"c1_356","c1_356",113,"c1_68","CDC5L(22),CUL9(22),MEA1(15),NELFE(15),RXRB(15)",NA,0
"c1_358","c1_358",101,"c1_69","RNU6-472P(28),MIR6082(28),MIR8062(16)","S4",0
"c1_360","c1_360",487,"c1_69","AC025470.2(116),LINC00351(63),LINC02402(52),AC073257.1(41),AC244097.1(33),AL158209.1(33),AC018866.1(31),AC025946.1(26),AC012363.2(22),GUCY2GP(22),DSCR8(21),AL109913.1(20),AL591518.1(17),AC012363.1(17),BMS1P16(17),SAXO1(17),AC055878.1(17),AC016266.1(16),RN7SL584P(15),AL390061.1(15),AL358612.1(14)","S4",0
"c1_361","c1_361",105,"c1_69","AC007513.1(46),AC084200.1(23),KRT72(22),AC025164.1(19),TTC41P(17)","S4",0
"c1_362","c1_362",338,"c1_69","AC027613.1(47),AC004704.1(46),AC018680.1(35),LINC00393(27),LINC02267(27),LINC02492(26),AC096577.1(26),AL353633.1(24),LINC01499(20),AC093772.1(19),LINC00301(19),NALCN-AS1(19),MIR5705(19),LINC02233(16),AL929601.1(16),AC079917.1(16),AC106895.1(16),RN7SL140P(16),AC022201.1(14),LINC02436(14),AC093909.2(14)","S4",0
"c1_364","c1_364",347,"c1_69","AC117473.1(41),AC079160.1(32),LINC01807(32),G2E3-AS1(31),LINC01681(30),AC010183.2(26),LINC00879(25),FMO11P(25),LINC01020(24),AC009803.1(22),AL139020.1(22),LINC01643(22),AC005580.1(22),REXO1L1P(21),AL132719.1(19),AC026434.1(19),AC087473.1(19),AP003399.1(18),AC019322.4(17),LINC01307(16),AL157714.2(16),AC021192.1(15),AC024559.2(15),LINC01788(14)","S4",0
"c1_367","c1_367",138,"c1_69","AC026371.1(67),CSN1S1(38),ANO2(17),AL513043.1(14),AC019209.1(14),USP44(14)","S4",0
"c1_368","c1_368",124,"c1_69","AC091114.1(36),AC092100.1(23),AL138720.1(17),AC034114.2(17),LINC02394(15)","S4",0
"c1_372","c1_372",157,"c1_69","C5orf17(54),MTCO2P23(40),AC113347.4(24),AC004160.1(21),RNU6-284P(19),AP006295.1(19),MTND2P15(18),LINC01685(17),MTCO1P23(17)","S4",0
"c1_384","c1_384",144,"c1_70","AC025524.2(58),AC018616.1(54),AF130359.1(17),GAPDHP68(15),AC109466.1(15),AC010255.3(14)",NA,0
"c1_388","c1_388",389,"c1_71","AC068722.1(113),LINC02408(86),BPIFC(61),TECRL(57),LINC02133(25),AC104041.1(25),BANK1(23),LINC02291(21),AC140118.1(21),AL133166.1(19),LINC01378(15),P2RX3(14),AL353611.1(14),LINC01916(13),AC083795.2(13)",NA,0
"c1_395","c1_395",198,"c1_73","AC068305.2(45),RNA5SP326(23),RNA5SP182(18),RNU6-99P(15),MARCH9(14),AC016751.2(14),MIR7641-1(14),RNA5SP214(14),RNA5SP86(13),IGHVII-1-1(13),RNU6-477P(13)",NA,0
"c1_398","c1_398",280,"c1_74","MARCOL(70),PAGE1(50),USP26(40),AC026785.3(34),ADGRG4(29),ALPP(29),AL121956.1(27),PSG4(20),FGFBP1(19),MROH2B(19),KCNJ18(17),OR9Q2(15),OR10Z1(15),INSL4(14),PADI3(14),BEND2(13)","S4",0
"c1_405","c1_405",108,"c1_75","AL049836.2(70),TRIM51(19),LINC02152(13),A2MP1(12),MYL10(12)","S4",0
"c1_408","c1_408",205,"c1_76","LINC01738(82),AC073987.1(57),RNA5SP482(26),AP000439.2(25),FGF19(15),POFUT1(14),TM9SF4(14)",NA,0
"c1_411","c1_411",124,"c1_77","PIH1D3(39),ANKRD66(31),AL132801.1(18),CCDC33(15),SVOPL(13),CFAP97D2(13)","S2",0
"c1_428","c1_428",166,"c1_80","AC127526.2(95),SLC35G3(23),IQANK1(22),RNU6-221P(22),SLC28A3(20),AC008782.1(19),AC022916.3(15)","S4",0
"c1_440","c1_440",838,"c1_83","LINC02248(63),AL445647.1(61),CAPN13(49),LINC01222(46),AL022161.1(41),AC090502.1(39),LINC01221(35),AC115622.1(35),PALM2(34),AC034195.1(34),IL1RAPL1(33),AC093607.1(31),LINC01170(29),LINC02426(29),CSNKA2IP(24),AC106894.1(24),BTBD16(21),LINC00397(20),RN7SL415P(19),AOX3P(18),SPOCK3(18),CLCA4(18),AC073321.1(16),TRIM59(16),AL034405.1(16),LINC01608(16),LINC01280(16),AC024901.1(15),AL034399.1(15),AC092440.1(15),AF165147.1(15),NDUFA12P1(15),AC098829.1(15),FHIT(15),AC005785.1(15),LINC01709(15),AC027801.4(14),AC012494.1(14),SH3TC2-DT(14),AC006390.1(13),AC108721.1(13),KRIT1(13),AL161751.1(13),CASC6(13),AL138899.1(13),AC005225.2(13),AP005328.1(13),LINC01804(13)","S4",0
"c1_446","c1_446",204,"c1_85","SLC38A5(30),ABCG2(29),ESAM(29),CLDN5(22),ABCB1(19),SLC52A3(19),TIE1(18),ST6GALNAC1(16),AP000459.2(16),MFSD2A(14),ARHGEF15(14),SPINK8(13),MYCT1(13)",NA,0
"c1_450","c1_450",969,"c1_87","AC019211.1(90),CNTN4(51),LINGO2(49),AC087280.2(42),LINC00970(36),NEGR1(35),AC067956.1(31),AL450423.1(29),AC073050.1(29),AL591501.1(27),CXXC4-AS1(26),GABRG3(24),AC092378.1(24),LINC01680(21),CACNB4(21),CDH12(20),CNTN5(19),GALNTL6(19),RPL32P35(19),JAZF1(19),KCNB2(18),AC008696.2(18),AC016598.1(18),LYPD6B(18),EPHA6(18),AP003049.2(18),RORA(18),LINC01107(18),GRM7(17),OR2L1P(17),SSH2(17),IL1RAPL2(17),OR2L3(16),LINC01250(16),IQCJ-SCHIP1(16),AC021231.1(15),FGF14(15),AC093206.1(15),DLG2(15),URGCP(15),AL596218.1(15),AC007368.1(14),AL445433.2(14),AC073023.1(14),BX664727.3(14),AGBL4(14),NRXN3(14),BCAS3(14),FAM19A1(13),RNU6-1012P(13),KCNIP4(13),MYRIP(13),AL513164.1(13),AC091819.2(13),AL033504.1(13),AL117329.1(13),KLHL2P1(13),AC091905.1(13),CTXN3(13),GOLGA6L10(13),ACSM6(13),KHDRBS2(12),LINC02250(12),AP001972.3(12),LINC01122(12),CDH9(12),NYAP2(12),DLGAP2(12),DANT2(12)","S4",0
"c1_451","c1_451",145,"c1_87","MCHR2(26),RXFP1(23),LINC02296(22),LINC01202(19),CR589904.1(19),AC004817.1(17),LINC00507(16),AL592043.1(16)","S4",0
"c1_456","c1_456",114,"c1_89","EIF2B1(33),SPPL3(22),KDM2B(21),RNF34(17),PUS1(16),MPHOSPH9(16)",NA,0
"c1_459","c1_459",122,"c1_90","AC092447.8(44),LINC01518(38),LINC00624(28),AL356272.1(25),VN1R54P(15)","S4",0
"c1_470","c1_470",111,"c1_94","RNU6ATAC21P(47),HCRTR2(26),C4BPA(24)","S4",0
"c1_473","c1_473",170,"c1_94","TRMT2B-AS1(82),AP001970.1(29),AC063980.1(20),RNU6-929P(17),AC243967.2(16),AC008687.1(15),AC025281.1(14),AL713923.1(14)",NA,0
"c1_475","c1_475",307,"c1_95","LRRC74A(116),AL391095.2(38),TEX41(36),AC012081.1(31),OVOL2(29),CYP2A13(28),PLA2G4D(24),AC092573.2(22),LHFPL5(19),R3HDML(15),DNAJC5G(15),DCAF12L1(15),LINC02520(15),CATSPERD(13),FAM163A(13)",NA,0
"c1_477","c1_477",157,"c1_96","SERPINB10(73),RNU6-276P(48),AC006487.1(46),CNOT4P1(16)","S3",0
"c1_501","c1_501",320,"c1_100","KCNJ15(58),ADGRE3(45),AC099489.1(28),CEACAM3(26),ADGRG3(25),AC239584.1(24),LINC00313(23),SLC5A10(22),KLKP1(21),APOBEC3A(20),HAL(18),LIPN(18),CXCR2(17),IL36RN(17),RHOH(16),KYNU(16),IL18RAP(15),CXCR1(13)",NA,0
"c1_515","c1_515",115,"c1_105","IYD(58),AC002384.1(28),AC087762.1(26),CST2(25),CPN2(16)","S4",0
"c1_518","c1_518",151,"c1_106","GABRR1(60),AC083967.1(30),AGTR2(29),PTGFR(22),MEOX1(18),AC121154.1(14),CDX2(13)",NA,0
"c1_528","c1_528",484,"c1_124","AC084048.1(132),AC005772.1(78),HSPA8P13(44),AC092098.1(37),FAM186A(29),KRT16P4(27),ZSWIM2(26),PTCHD1-AS(26),AADACL2(26),HNRNPCL1(25),AL139390.1(23),PRSS38(19),LINC01169(19),AC007000.3(18),AC006511.5(16),CLNK(16),MYO3B(16),MTND3P21(16),CNR2(14),MTND4P11(14),MUSK(14),FAM71E2(13),ADGB(13)",NA,0
"c1_553","c1_553",105,"c1_151","AC121758.1(25),DCTN2(18),AC024884.2(17),MARS(16),SHMT2(15),AC137834.1(14)",NA,0
"c1_576","c1_576",108,"c1_160","RNU6-1252P(42),AC012414.2(18),SCFD2(17),CLOCK(15),FIP1L1(15),LINC01618(13),AC090093.1(13)",NA,0
"c1_583","c1_583",130,"c1_162","RNF167(31),TSR1(25),CNTROB(23),GLOD4(21),SPAG7(17),NEURL4(15),PRPF8(15)","S3",0
"c1_586","c1_586",308,"c1_163","GABRA6(170),AC005064.1(47),CRTAM(36),CCDC155(35),AC025284.1(33),TMEM266(29),GRM4(25),AC007614.1(24),ZP2(24),SNAP25-AS1(23),STARD4-AS1(15),RELN(14),LMAN1L(14)",NA,0
"c1_597","c1_597",131,"c1_174","NOX3(60),LINC01413(57),RNU6-81P(14)","S4",0
"c1_605","c1_605",101,"c1_175","AL133232.1(48),RNU6-804P(23),AL035541.1(21),DPYS(12)","S3",0
"c1_622","c1_622",155,"c1_179","DPT(57),CLEC2A(32),AC145625.1(23),NCOR1P1(23),ALDH1A2(18),CAPN6(16),SIM1(16),DKK2(16),CLDN19(14)",NA,0
"c1_628","c1_628",271,"c1_180","OR5AN1(157),LELP1(22),LINC02272(22),OR5T2(21),OR51L1(21),IL2(20),OR4F13P(19),OR8K3(19),CABS1(17),OPRPN(13),PSMD12P(13)","S3",0
"c1_675","c1_675",144,"c1_185","AC087379.2(83),AC013565.3(56),AP000781.1(32),AL451065.1(27),AL603756.1(23),AL162399.1(15)","S2",0
"c1_681","c1_681",141,"c1_186","MMS19(34),CUEDC2(22),ACTR1A(21),GBF1(20),HIF1AN(18),SUFU(17),SLF2(17),TNKS2(14),ERLIN1(14)","S3",0
"c1_690","c1_690",150,"c1_188","VTA1(30),SEC63(24),FBXO5(21),ECHDC1(20),LATS1(18),MED23(14),SFT2D1(14)",NA,0
"c1_691","c1_691",208,"c1_188","ATG5(24),ZRANB2(24),RARS2(20),DIS3(19),PNISR(19),ARGLU1(18),IPO5(18),SRSF11(18),UFL1(17),ORC3(15),LUC7L3(15)",NA,0
"c1_704","c1_704",133,"c1_192","AC090592.1(70),AC021698.1(27),BET1L(27),SBF2-AS1(20),RIC8A(17),COPB1(16),PSMA1(14),RNH1(14)","S3",0
"c1_757","c1_757",111,"c1_215","ATXN10(31),TRMU(28),PPP6R2(26),XRCC6(24),BRD1(17)","S3",0
"c1_764","c1_764",116,"c1_217","GAPVD1(65),GPR107(23),ZBTB43(22)","S3",0
"c1_776","c1_776",122,"c1_223","RPS8(41),RPL7A(19),RPS18(19),RPS14(19),RPL23(14),RPS27A(14)",NA,0
"c1_830","c1_830",120,"c1_253","RALGAPB(35),CSE1L(25),CTNNBL1(25),STAU1(17),PIGU(17),ADNP(15),DHX35(15),MANBAL(14)","S3",0
"c1_832","c1_832",115,"c1_254","CSNK2A1(34),PSMF1(29),TBC1D20(27),IDH3B(17),CDK5RAP1(16),NSFL1C(15),PTPRA(14)",NA,0
"c1_964","c1_964",151,"c1_305","SEC24B(39),EIF4E(29),UBE2D3(26),LAMTOR3(16),METTL14(15),GRSF1(14)",NA,0
"c1_1032","c1_1032",117,"c1_338","LINC00927(54),ALG1L5P(26),LINC00349(26),PAEP(23),OBP2A(17),OBP2B(14)",NA,0
"c1_1047","c1_1047",286,"c1_343","AC092639.1(138),RPS29P9(74),RNU6-1097P(49),RPPH1-2P(24),MTCYBP8(20),MTND3P19(17),AL591704.1(15),RNA5SP486(15)","S4",0
"c1_1081","c1_1081",100,"c1_349","LINC00452(49),AL589794.1(24),LINC00454(24),AC134698.4(18),AC007923.1(17),AL022313.1(15),BX072579.2(14),ABCA4(13)","S3",0
"c1_1105","c1_1105",204,"c1_360","AC025470.2(112),AC073257.1(39),AC018866.1(30),AC012363.2(22),AL109913.1(20),AC012363.1(17),SAXO1(17)","S3",0
"c1_1106","c1_1106",179,"c1_360","LINC00351(58),LINC02402(36),AL158209.1(32),AC244097.1(22),DSCR8(21),AC025946.1(19),AL591518.1(16),AL358612.1(14),AL390061.1(14)","S3",0
"c1_1114","c1_1114",304,"c1_362","AC027613.1(47),AC004704.1(46),AC018680.1(35),LINC00393(27),LINC02267(27),LINC02492(26),AC096577.1(26),AL353633.1(24),LINC01499(20),AC093772.1(19),LINC00301(19),NALCN-AS1(19),LINC02233(16),AL929601.1(16),AC079917.1(16),AC106895.1(16),RN7SL140P(16),LINC02436(14),AC093909.2(14)","S4",0
"c1_1118","c1_1118",152,"c1_364","AC117473.1(40),AC079160.1(31),G2E3-AS1(30),LINC01681(28),LINC01643(22),AP003399.1(18),FMO11P(16),LINC00879(14)","S3",0
"c1_1129","c1_1129",121,"c1_367","AC026371.1(67),CSN1S1(38),ANO2(17)","S2",0
"c1_1132","c1_1132",106,"c1_368","AC091114.1(36),AC092100.1(23),AL138720.1(17),AC034114.2(17),LINC02394(15)",NA,0
"c1_1147","c1_1147",105,"c1_372","C5orf17(53),AC113347.4(22),RNU6-284P(18),AP006295.1(18),LINC01685(17)",NA,0
"c1_1177","c1_1177",339,"c1_388","AC068722.1(113),LINC02408(86),BPIFC(61),TECRL(57),LINC02133(25),AC104041.1(25),BANK1(23),LINC02291(21),AC140118.1(21),AL133166.1(19),P2RX3(14),LINC01916(13),AC083795.2(13)","S4",0
"c1_1195","c1_1195",136,"c1_398","MARCOL(67),AC026785.3(33),USP26(31),AL121956.1(26),PSG4(20),FGFBP1(17),INSL4(14)",NA,0
"c1_1211","c1_1211",126,"c1_408","LINC01738(80),RNA5SP482(25),AP000439.2(24),FGF19(14)","S4",0
"c1_1245","c1_1245",132,"c1_440","LINC01222(45),LINC01221(31),AC034195.1(28),LINC02426(25),AF165147.1(15),AC098829.1(15)",NA,0
"c1_1247","c1_1247",108,"c1_440","AL445647.1(58),CSNKA2IP(24),AC115622.1(23),LINC00397(20)","S4",0
"c1_1293","c1_1293",303,"c1_450","AC019211.1(83),LINC00970(34),AC067956.1(30),LINGO2(29),GABRG3(21),KCNB2(18),LINC01107(18),AC008696.2(17),CACNB4(17),LINC01680(16),IQCJ-SCHIP1(16),IL1RAPL2(16),AC016598.1(15),AP003049.2(15),DLG2(15),AC007368.1(14),AL445433.2(14),AGBL4(14),AL591501.1(13),RNU6-1012P(13),CDH12(13),AL117329.1(13)",NA,0
"c1_1297","c1_1297",129,"c1_450","CNTN4(44),CNTN5(18),GALNTL6(18),NEGR1(17),EPHA6(17),NRXN3(14),KCNIP4(13),MYRIP(13)","S4",0
"c1_1353","c1_1353",106,"c1_470","RNU6ATAC21P(47),HCRTR2(26),C4BPA(24),RPL22P10(14)",NA,0
"c1_1359","c1_1359",134,"c1_473","TRMT2B-AS1(82),AP001970.1(29),AC243967.2(16),AC008687.1(15),AC025281.1(14)","S4",0
"c1_1364","c1_1364",234,"c1_475","LRRC74A(116),AL391095.2(38),TEX41(36),AC012081.1(31),CYP2A13(28),PLA2G4D(24),OVOL2(16),R3HDML(15),DCAF12L1(15),LINC02520(15)","S3",0
"c1_1398","c1_1398",217,"c1_501","KCNJ15(57),ADGRE3(42),AC099489.1(28),CEACAM3(26),ADGRG3(25),APOBEC3A(20),HAL(18),LIPN(18),CXCR2(17),RHOH(16),KYNU(16),IL18RAP(15),CXCR1(13)","S4",0
"c1_1417","c1_1417",140,"c1_518","GABRR1(60),AC083967.1(30),AGTR2(29),PTGFR(22),MEOX1(18),CDX2(13)","S4",0
"c1_1421","c1_1421",255,"c1_528","AC084048.1(132),AC005772.1(68),HNRNPCL1(25),ZSWIM2(24),AL139390.1(23),HSPA8P13(23),PRSS38(19),AC006511.5(16),CLNK(16),MYO3B(16),PTCHD1-AS(16),KRT16P4(15)","S4",0
"c1_1513","c1_1513",288,"c1_586","GABRA6(170),AC005064.1(46),CRTAM(36),AC025284.1(33),CCDC155(31),TMEM266(29),AC007614.1(24),SNAP25-AS1(23),GRM4(22),ZP2(21),STARD4-AS1(15),RELN(14)","S4",0
"c1_1590","c1_1590",136,"c1_681","MMS19(34),CUEDC2(22),ACTR1A(21),GBF1(20),HIF1AN(18),SUFU(17),SLF2(17)","S3",0
"c1_1614","c1_1614",123,"c1_691","ZRANB2(24),DIS3(19),ARGLU1(18),IPO5(18),SRSF11(18),PNISR(17),LUC7L3(15),UGGT2(13)",NA,0
"c1_1895","c1_1895",100,"c1_1032","LINC00927(54),ALG1L5P(26),LINC00349(26),PAEP(23),OBP2A(17),OBP2B(14)","S4",0
"c1_1905","c1_1905",254,"c1_1047","AC092639.1(138),RPS29P9(74),RNU6-1097P(37),MTCYBP8(20),RPPH1-2P(18),MTND3P19(17),AL591704.1(15),RNA5SP279(14),RNU6ATAC41P(14),AC021146.6(14)","S4",0
"c1_1954","c1_1954",129,"c1_1114","AC004704.1(39),AC096577.1(26),LINC00393(24),AC093772.1(19),LINC02267(19),AC079917.1(16)",NA,0
"c1_1955","c1_1955",132,"c1_1114","AC027613.1(44),AC018680.1(32),AL353633.1(24),LINC01499(20),LINC02492(18),LINC00301(17),AL929601.1(16),RN7SL140P(16),LINC02436(14)",NA,0
"c1_2024","c1_2024",184,"c1_1177","AC068722.1(111),LINC02408(51),AC104041.1(23),LINC02133(22),P2RX3(14),AL133166.1(14)","S3",0
"c1_2034","c1_2034",102,"c1_1195","MARCOL(66),AC026785.3(32),AL121956.1(24),FGFBP1(17)","S3",0
"c1_2103","c1_2103",185,"c1_1293","AC019211.1(82),LINGO2(29),AC067956.1(27),KCNB2(18),AC008696.2(17),CACNB4(17),LINC01680(16),AC016598.1(15),AC007368.1(13),IQCJ-SCHIP1(13),CDH12(13)","S4",0
"c1_2184","c1_2184",114,"c1_1398","KCNJ15(54),CEACAM3(19),ADGRG3(18),IL18RAP(15),HAL(14),RHOH(14)",NA,0
"c1_2436","c1_2436",159,"c1_2103","AC019211.1(82),AC067956.1(27),LINGO2(22),KCNB2(18),CACNB4(17),LINC01680(16)","S3",0
